node,community
# LFR planted communities: regime=S mu=0.3 realization=2
1,0
2,1
3,2
4,3
5,4
6,5
7,6
8,5
9,6
10,7
11,8
12,3
13,9
14,6
15,10
16,0
17,8
18,11
19,12
20,9
21,13
22,14
23,15
24,16
25,1
26,17
27,18
28,10
29,19
30,20
31,3
32,21
33,22
34,23
35,10
36,24
37,25
38,15
39,26
40,24
41,7
42,15
43,27
44,17
45,28
46,18
47,24
48,3
49,4
50,19
51,2
52,3
53,4
54,22
55,2
56,22
57,17
58,11
59,12
60,3
61,29
62,30
63,8
64,31
65,19
66,32
67,33
68,34
69,17
70,35
71,36
72,11
73,1
74,37
75,12
76,11
77,15
78,28
79,0
80,15
81,38
82,2
83,17
84,20
85,24
86,9
87,31
88,17
89,2
90,3
91,25
92,22
93,31
94,34
95,15
96,34
97,34
98,0
99,24
100,31
101,15
102,17
103,10
104,18
105,28
106,12
107,3
108,37
109,0
110,21
111,27
112,22
113,31
114,5
115,39
116,16
117,22
118,36
119,24
120,17
121,0
122,9
123,10
124,17
125,30
126,40
127,17
128,23
129,34
130,1
131,13
132,3
133,26
134,34
135,37
136,0
137,38
138,7
139,17
140,12
141,13
142,37
143,27
144,1
145,40
146,25
147,39
148,8
149,17
150,28
151,3
152,28
153,13
154,40
155,11
156,3
157,15
158,0
159,40
160,6
161,32
162,15
163,21
164,28
165,3
166,31
167,17
168,22
169,33
170,4
171,1
172,41
173,0
174,1
175,22
176,23
177,29
178,10
179,2
180,6
181,17
182,36
183,32
184,2
185,11
186,0
187,15
188,15
189,18
190,19
191,3
192,17
193,15
194,0
195,22
196,31
197,15
198,42
199,29
200,1
201,33
202,24
203,26
204,3
205,5
206,16
207,24
208,32
209,8
210,1
211,14
212,12
213,5
214,9
215,19
216,37
217,22
218,32
219,3
220,25
221,23
222,22
223,34
224,17
225,3
226,37
227,1
228,3
229,11
230,21
231,36
232,9
233,0
234,8
235,27
236,16
237,22
238,28
239,2
240,31
241,37
242,2
243,7
244,5
245,12
246,17
247,41
248,14
249,27
250,21
251,35
252,6
253,11
254,17
255,12
256,19
257,36
258,30
259,37
260,4
261,2
262,32
263,16
264,1
265,43
266,10
267,7
268,28
269,16
270,20
271,15
272,17
273,3
274,43
275,42
276,28
277,26
278,38
279,11
280,1
281,14
282,4
283,18
284,2
285,30
286,39
287,1
288,33
289,28
290,31
291,22
292,22
293,19
294,0
295,17
296,13
297,0
298,13
299,2
300,28
301,22
302,3
303,21
304,2
305,15
306,3
307,3
308,22
309,33
310,23
311,22
312,44
313,15
314,44
315,36
316,0
317,39
318,1
319,2
320,3
321,44
322,2
323,38
324,24
325,2
326,2
327,0
328,15
329,31
330,43
331,32
332,23
333,36
334,31
335,4
336,3
337,17
338,38
339,44
340,20
341,42
342,12
343,25
344,30
345,9
346,44
347,10
348,34
349,7
350,22
351,29
352,33
353,1
354,34
355,8
356,36
357,44
358,17
359,41
360,13
361,0
362,43
363,29
364,1
365,18
366,15
367,5
368,17
369,31
370,29
371,3
372,25
373,44
374,35
375,10
376,1
377,7
378,29
379,0
380,37
381,32
382,25
383,5
384,38
385,5
386,35
387,1
388,24
389,31
390,15
391,2
392,41
393,30
394,42
395,35
396,3
397,16
398,19
399,26
400,10
401,6
402,10
403,13
404,20
405,1
406,32
407,15
408,3
409,13
410,34
411,3
412,3
413,36
414,20
415,17
416,23
417,0
418,22
419,11
420,41
421,21
422,33
423,14
424,36
425,5
426,8
427,28
428,27
429,42
430,37
431,17
432,17
433,1
434,39
435,21
436,43
437,26
438,37
439,44
440,24
441,6
442,17
443,10
444,8
445,14
446,36
447,0
448,24
449,24
450,6
451,26
452,36
453,28
454,15
455,1
456,0
457,13
458,44
459,2
460,11
461,42
462,1
463,40
464,16
465,12
466,17
467,36
468,7
469,21
470,3
471,41
472,16
473,2
474,4
475,8
476,34
477,22
478,10
479,13
480,18
481,17
482,6
483,5
484,6
485,29
486,0
487,13
488,5
489,3
490,38
491,42
492,9
493,39
494,22
495,40
496,13
497,42
498,32
499,16
500,5
501,8
502,1
503,27
504,19
505,38
506,39
507,38
508,41
509,42
510,38
511,16
512,8
513,30
514,9
515,40
516,3
517,34
518,16
519,28
520,16
521,9
522,24
523,37
524,44
525,38
526,0
527,16
528,15
529,27
530,26
531,43
532,7
533,43
534,7
535,0
536,11
537,25
538,34
539,0
540,4
541,3
542,43
543,2
544,28
545,22
546,24
547,28
548,19
549,21
550,15
551,13
552,24
553,24
554,5
555,1
556,15
557,18
558,43
559,15
560,19
561,3
562,1
563,44
564,20
565,29
566,30
567,4
568,5
569,6
570,35
571,13
572,40
573,11
574,17
575,22
576,32
577,29
578,0
579,22
580,2
581,1
582,15
583,7
584,5
585,8
586,5
587,22
588,5
589,3
590,38
591,3
592,16
593,26
594,36
595,22
596,40
597,1
598,15
599,2
600,24
601,31
602,18
603,2
604,9
605,38
606,33
607,9
608,0
609,15
610,17
611,34
612,1
613,0
614,10
615,8
616,10
617,36
618,40
619,8
620,5
621,22
622,2
623,39
624,5
625,2
626,19
627,26
628,2
629,13
630,42
631,14
632,10
633,29
634,9
635,0
636,34
637,17
638,42
639,17
640,17
641,30
642,37
643,35
644,22
645,37
646,10
647,3
648,28
649,37
650,41
651,35
652,37
653,0
654,1
655,9
656,20
657,10
658,28
659,11
660,1
661,3
662,18
663,39
664,1
665,34
666,32
667,43
668,12
669,11
670,5
671,15
672,1
673,17
674,1
675,3
676,28
677,17
678,44
679,40
680,15
681,3
682,27
683,36
684,35
685,35
686,10
687,22
688,36
689,3
690,22
691,36
692,26
693,22
694,16
695,36
696,3
697,8
698,12
699,0
700,11
701,25
702,1
703,4
704,29
705,27
706,6
707,18
708,21
709,22
710,31
711,11
712,23
713,29
714,2
715,9
716,32
717,17
718,35
719,24
720,20
721,5
722,17
723,36
724,3
725,23
726,36
727,3
728,37
729,1
730,9
731,6
732,10
733,0
734,41
735,26
736,2
737,17
738,18
739,38
740,32
741,36
742,10
743,32
744,38
745,37
746,9
747,10
748,31
749,23
750,17
751,39
752,16
753,26
754,0
755,13
756,36
757,36
758,5
759,6
760,27
761,15
762,29
763,3
764,11
765,16
766,33
767,25
768,5
769,31
770,3
771,44
772,39
773,7
774,22
775,30
776,14
777,30
778,14
779,0
780,15
781,15
782,31
783,11
784,32
785,43
786,9
787,0
788,18
789,17
790,0
791,18
792,0
793,37
794,17
795,40
796,30
797,15
798,1
799,36
800,18
801,2
802,19
803,0
804,17
805,36
806,15
807,11
808,28
809,36
810,23
811,36
812,4
813,22
814,15
815,23
816,22
817,19
818,2
819,27
820,20
821,21
822,23
823,28
824,44
825,8
826,22
827,27
828,40
829,31
830,17
831,0
832,43
833,29
834,36
835,3
836,14
837,1
838,41
839,2
840,0
841,44
842,21
843,1
844,38
845,8
846,0
847,29
848,4
849,15
850,21
851,12
852,6
853,33
854,24
855,12
856,1
857,36
858,34
859,40
860,8
861,10
862,22
863,1
864,11
865,2
866,6
867,6
868,34
869,36
870,31
871,0
872,39
873,34
874,17
875,4
876,22
877,32
878,35
879,2
880,2
881,37
882,38
883,8
884,8
885,31
886,15
887,22
888,34
889,12
890,8
891,13
892,36
893,29
894,19
895,40
896,10
897,41
898,24
899,10
900,36
901,10
902,19
903,0
904,12
905,21
906,8
907,2
908,10
909,1
910,43
911,22
912,26
913,3
914,16
915,15
916,30
917,7
918,34
919,20
920,5
921,16
922,10
923,0
924,6
925,5
926,36
927,12
928,43
929,11
930,1
931,24
932,10
933,18
934,10
935,17
936,1
937,1
938,22
939,2
940,24
941,0
942,17
943,14
944,24
945,35
946,15
947,44
948,10
949,6
950,9
951,26
952,44
953,22
954,36
955,29
956,28
957,6
958,27
959,36
960,21
961,19
962,2
963,40
964,22
965,2
966,37
967,1
968,9
969,2
970,0
971,8
972,26
973,14
974,16
975,11
976,36
977,19
978,23
979,18
980,22
981,2
982,24
983,31
984,29
985,33
986,16
987,10
988,2
989,21
990,22
991,15
992,23
993,13
994,36
995,10
996,36
997,5
998,1
999,39
1000,31
