key,betweenness
1,0.43763528138528146
2,0.053936688311688304
3,0.14365680615680618
4,0.011909271284271283
5,0.0006313131313131313
6,0.02998737373737374
7,0.029987373737373736
8,0.0
9,0.05592682780182781
10,0.0008477633477633478
11,0.0006313131313131313
12,0.0
13,0.0
14,0.04586339586339586
15,0.0
16,0.0
17,0.0
18,0.0
19,0.0
20,0.03247504810004811
21,0.0
22,0.0
23,0.0
24,0.017613636363636363
25,0.0022095959595959595
26,0.0038404882154882154
27,0.0
28,0.02233345358345358
29,0.0017947330447330447
30,0.0029220779220779218
31,0.014411976911976909
32,0.13827561327561325
33,0.145247113997114
34,0.30407497594997596
